file_name,full_path,extension,parent_folder,size_bytes,size_mb,mime_type,file_hash,is_duplicate,duplicate_of
.cursorrules,D:\NeXuS\NXCore-Control\.cursorrules,,NXCore-Control,1251,0,unknown,4c3bef0b6264381ef594187ba9aff06afb53a70a843ac40eeb2fb6d87bb609a4,FALSE,
.env.example,D:\NeXuS\NXCore-Control\.env.example,.example,NXCore-Control,114,0,unknown,57e32d6306566b10759a05365130dac0cee80647f9a9faa7b6f3e70c407fcf1f,FALSE,
admin-nav.links.html,D:\NeXuS\NXCore-Control\admin-nav.links.html,.html,NXCore-Control,4473,0,text/html,4b3e437238a72da9381139f1e1fefca049ede361985b870bdb9020c147831596,FALSE,
animated_logo.svg,D:\NeXuS\NXCore-Control\aerocoreos_splash\assets\animated_logo.svg,.svg,assets,2860,0,image/svg+xml,6697384eec6dcddaf4538f20abe24fa8a4f7d02a8c530fc61d9fbafa2c8c6f8a,FALSE,
bg_1024x768.png,D:\NeXuS\NXCore-Control\aerocoreos_splash\assets\bg_1024x768.png,.png,assets,76781,0.07,image/png,9bcb2897bcf6c183d31fb5769b006cb910f3584b0c9614422edcfceb10a2a774,FALSE,
bg_1920x1080.png,D:\NeXuS\NXCore-Control\aerocoreos_splash\assets\bg_1920x1080.png,.png,assets,132457,0.13,image/png,531c9814b13345f2dde66c42e69e5e3d4c8f589d84b0a5c34f2151e0ad7ebbb1,FALSE,
wordmark.svg,D:\NeXuS\NXCore-Control\aerocoreos_splash\assets\wordmark.svg,.svg,assets,1013,0,image/svg+xml,dd474ac01435f2ff6041d31dbe20e18bbe954fdc24732481e9eb3de41060c5d8,FALSE,
wordmark_1600x400.png,D:\NeXuS\NXCore-Control\aerocoreos_splash\assets\wordmark_1600x400.png,.png,assets,45779,0.04,image/png,42d0b303f98ae747f109cfc745465f8a57b735b08bda217d2640f6059d0d5559,FALSE,
index.html,D:\NeXuS\NXCore-Control\aerocoreos_splash\index.html,.html,aerocoreos_splash,2188,0,text/html,1f97fc30727627eb15dd693c20fa9c9ebfbaed8ea2de5f0d9e48a497e7d2d611,FALSE,
cursor_agent.py,D:\NeXuS\NXCore-Control\agent\cursor_agent.py,.py,agent,673,0,text/x-python,78f0376bf3839c55b86dac11e2125cbb422bb84a6a146c3bf25bb65ff0a9c89f,FALSE,
nxcore-agent.rules,D:\NeXuS\NXCore-Control\agent\nxcore-agent.rules,.rules,agent,232,0,unknown,e34d9cf185c2b36dc4d81a1660d7f9c4b552f6a8dc6e9f9fb1acf6f40bf317ff,FALSE,
cursor-agent.service,D:\NeXuS\NXCore-Control\agent\systemd\cursor-agent.service,.service,systemd,267,0,unknown,0fb60a7190aed7b266d274432fd52e4134bdb643192c3254e62410657ee1d056,FALSE,
ai-core.sh,D:\NeXuS\NXCore-Control\ai\ai-core.sh,.sh,ai,287,0,application/x-sh,70c07c8448b2925a425200b7fc209a267fb538d654c86723ae69a6d9d9d87615,FALSE,
pull-models.sh,D:\NeXuS\NXCore-Control\ai\ollama\pull-models.sh,.sh,ollama,61,0,application/x-sh,d4a9400d0ab01c25071839fd02021caeb0a5e61671d99949bdf516969d9ff3a9,FALSE,
animated_logo.svg,D:\NeXuS\NXCore-Control\all.in.one.installer\assets\aerocoreos_splash\assets\animated_logo.svg,.svg,assets,2860,0,image/svg+xml,6697384eec6dcddaf4538f20abe24fa8a4f7d02a8c530fc61d9fbafa2c8c6f8a,TRUE,D:\NeXuS\NXCore-Control\aerocoreos_splash\assets\animated_logo.svg
bg_1024x768.png,D:\NeXuS\NXCore-Control\all.in.one.installer\assets\aerocoreos_splash\assets\bg_1024x768.png,.png,assets,76781,0.07,image/png,9bcb2897bcf6c183d31fb5769b006cb910f3584b0c9614422edcfceb10a2a774,TRUE,D:\NeXuS\NXCore-Control\aerocoreos_splash\assets\bg_1024x768.png
bg_1920x1080.png,D:\NeXuS\NXCore-Control\all.in.one.installer\assets\aerocoreos_splash\assets\bg_1920x1080.png,.png,assets,132457,0.13,image/png,531c9814b13345f2dde66c42e69e5e3d4c8f589d84b0a5c34f2151e0ad7ebbb1,TRUE,D:\NeXuS\NXCore-Control\aerocoreos_splash\assets\bg_1920x1080.png
wordmark.svg,D:\NeXuS\NXCore-Control\all.in.one.installer\assets\aerocoreos_splash\assets\wordmark.svg,.svg,assets,1013,0,image/svg+xml,dd474ac01435f2ff6041d31dbe20e18bbe954fdc24732481e9eb3de41060c5d8,TRUE,D:\NeXuS\NXCore-Control\aerocoreos_splash\assets\wordmark.svg
wordmark_1600x400.png,D:\NeXuS\NXCore-Control\all.in.one.installer\assets\aerocoreos_splash\assets\wordmark_1600x400.png,.png,assets,45779,0.04,image/png,42d0b303f98ae747f109cfc745465f8a57b735b08bda217d2640f6059d0d5559,TRUE,D:\NeXuS\NXCore-Control\aerocoreos_splash\assets\wordmark_1600x400.png
index.html,D:\NeXuS\NXCore-Control\all.in.one.installer\assets\aerocoreos_splash\index.html,.html,aerocoreos_splash,2188,0,text/html,1f97fc30727627eb15dd693c20fa9c9ebfbaed8ea2de5f0d9e48a497e7d2d611,TRUE,D:\NeXuS\NXCore-Control\aerocoreos_splash\index.html
.cursorrules,D:\NeXuS\NXCore-Control\all.in.one.installer\control\.cursorrules,,control,1251,0,unknown,4c3bef0b6264381ef594187ba9aff06afb53a70a843ac40eeb2fb6d87bb609a4,TRUE,D:\NeXuS\NXCore-Control\.cursorrules
.env.example,D:\NeXuS\NXCore-Control\all.in.one.installer\control\.env.example,.example,control,114,0,unknown,57e32d6306566b10759a05365130dac0cee80647f9a9faa7b6f3e70c407fcf1f,TRUE,D:\NeXuS\NXCore-Control\.env.example
cursor_agent.py,D:\NeXuS\NXCore-Control\all.in.one.installer\control\agent\cursor_agent.py,.py,agent,673,0,text/x-python,78f0376bf3839c55b86dac11e2125cbb422bb84a6a146c3bf25bb65ff0a9c89f,TRUE,D:\NeXuS\NXCore-Control\agent\cursor_agent.py
nxcore-agent.rules,D:\NeXuS\NXCore-Control\all.in.one.installer\control\agent\nxcore-agent.rules,.rules,agent,232,0,unknown,e34d9cf185c2b36dc4d81a1660d7f9c4b552f6a8dc6e9f9fb1acf6f40bf317ff,TRUE,D:\NeXuS\NXCore-Control\agent\nxcore-agent.rules
cursor-agent.service,D:\NeXuS\NXCore-Control\all.in.one.installer\control\agent\systemd\cursor-agent.service,.service,systemd,267,0,unknown,0fb60a7190aed7b266d274432fd52e4134bdb643192c3254e62410657ee1d056,TRUE,D:\NeXuS\NXCore-Control\agent\systemd\cursor-agent.service
ai-core.sh,D:\NeXuS\NXCore-Control\all.in.one.installer\control\ai\ai-core.sh,.sh,ai,287,0,application/x-sh,70c07c8448b2925a425200b7fc209a267fb538d654c86723ae69a6d9d9d87615,TRUE,D:\NeXuS\NXCore-Control\ai\ai-core.sh
pull-models.sh,D:\NeXuS\NXCore-Control\all.in.one.installer\control\ai\ollama\pull-models.sh,.sh,ollama,61,0,application/x-sh,d4a9400d0ab01c25071839fd02021caeb0a5e61671d99949bdf516969d9ff3a9,TRUE,D:\NeXuS\NXCore-Control\ai\ollama\pull-models.sh
tailscale-acl.json,D:\NeXuS\NXCore-Control\all.in.one.installer\control\configs\tailscale-acl.json,.json,configs,176,0,application/json,527f955b24c36b32de98e5909319182819ea7211310cebb078cd6bb43489ea13,TRUE,D:\NeXuS\NXCore-Control\configs\tailscale-acl.json
ufw-rules.txt,D:\NeXuS\NXCore-Control\all.in.one.installer\control\configs\ufw-rules.txt,.txt,configs,155,0,text/plain,3642d1dffaf42141552f446ab40bfc40191272f889975462173d4ccc67c7d1f0,TRUE,D:\NeXuS\NXCore-Control\configs\ufw-rules.txt
cursor.json,D:\NeXuS\NXCore-Control\all.in.one.installer\control\cursor.json,.json,control,411,0,application/json,54c3b65da9bc7290dbd61e0d3cd6304e5c7484ee9a1bbde1c54cf36faf52ef45,FALSE,
compose-filebrowser.yml,D:\NeXuS\NXCore-Control\all.in.one.installer\control\docker\compose-filebrowser.yml,.yml,docker,288,0,unknown,cd635ba0731cbcaad36f8b6bb0b3b1ae408b4d6d70854ca88c6c22d955be34cc,TRUE,D:\NeXuS\NXCore-Control\docker\compose-filebrowser.yml
compose-n8n.yml,D:\NeXuS\NXCore-Control\all.in.one.installer\control\docker\compose-n8n.yml,.yml,docker,326,0,unknown,f5413ccae72d3b491e8b8a2fcab93bb08e139cde0177a39935bc6218ab09874e,TRUE,D:\NeXuS\NXCore-Control\docker\compose-n8n.yml
hosts.ini,D:\NeXuS\NXCore-Control\all.in.one.installer\control\inventory\hosts.ini,.ini,inventory,42,0,unknown,8982493be855e2a8f33e380972a9e78e3c81fb952626128c5d13d2a7e3945999,TRUE,D:\NeXuS\NXCore-Control\inventory\hosts.ini
README.md,D:\NeXuS\NXCore-Control\all.in.one.installer\control\README.md,.md,control,1240,0,text/markdown,eb990651a5eaa0753663ff7089b2b0a5b37bfd106e8f123d914ab1c4eb2a32d1,FALSE,
backup-nxcore.ps1,D:\NeXuS\NXCore-Control\all.in.one.installer\control\scripts\ps\backup-nxcore.ps1,.ps1,ps,480,0,unknown,1564fb88cc2c6e615557ee8570f93b496f9a536d951e00ec9a683796ee8afe3e,TRUE,D:\NeXuS\NXCore-Control\scripts\ps\backup-nxcore.ps1
deploy-containers.ps1,D:\NeXuS\NXCore-Control\all.in.one.installer\control\scripts\ps\deploy-containers.ps1,.ps1,ps,711,0,unknown,e908e194ba2212adac9770945d94b51c3fa5d95e714c017b966db62716368693,TRUE,D:\NeXuS\NXCore-Control\scripts\ps\deploy-containers.original.txt
sync-config.ps1,D:\NeXuS\NXCore-Control\all.in.one.installer\control\scripts\ps\sync-config.ps1,.ps1,ps,584,0,unknown,f4155500cfbc2eb7a9d4008dc6dcea6f3e8d0ee47d5a17fb36acc71ab09f7003,FALSE,
scp-to-nxcore.bat,D:\NeXuS\NXCore-Control\all.in.one.installer\control\scripts\scp-to-nxcore.bat,.bat,scripts,225,0,text/plain,5653b1b7a4dcef57af2ed559104fb9752ad5bd20750f469dc0c18431004d5cad,TRUE,D:\NeXuS\NXCore-Control\scripts\scp-to-nxcore.bat
ssh-nxcore.bat,D:\NeXuS\NXCore-Control\all.in.one.installer\control\scripts\ssh-nxcore.bat,.bat,scripts,66,0,text/plain,42dd552c575b8b8ca538507db2644ae038e66170ff30205fe402ad3345ac853b,TRUE,D:\NeXuS\NXCore-Control\scripts\ssh-nxcore.bat
install-ssh.ps1,D:\NeXuS\NXCore-Control\all.in.one.installer\control\utils\windows\install-ssh.ps1,.ps1,windows,100,0,unknown,b18f3992b46f662b3790f920258e91b23cd982e29bf0d7a776bec3002bfb07ce,TRUE,D:\NeXuS\NXCore-Control\utils\windows\install-ssh.ps1
winget-install.bat,D:\NeXuS\NXCore-Control\all.in.one.installer\control\utils\windows\winget-install.bat,.bat,windows,113,0,text/plain,fe375487b420c0ac366332bdaa1e84739b7570c816ba11f4531b10a0c2c5af45,TRUE,D:\NeXuS\NXCore-Control\utils\windows\winget-install.bat
README.md,D:\NeXuS\NXCore-Control\all.in.one.installer\README.md,.md,all.in.one.installer,2089,0,text/markdown,ec778e5a17d06fcc16b6443095f865a1ec7d0cd19c262ab4e6e499530a3d1b8e,FALSE,
.env,D:\NeXuS\NXCore-Control\all.in.one.installer\server\aerocaller_coturn_pack\.env,,aerocaller_coturn_pack,289,0,unknown,1615d66e844c37062b02c874b83be7defda42cab683a033e86d9342045a1a3fe,TRUE,D:\NeXuS\NXCore-Control\utils\coturn\.env
client_snippets.md,D:\NeXuS\NXCore-Control\all.in.one.installer\server\aerocaller_coturn_pack\client_snippets.md,.md,aerocaller_coturn_pack,1256,0,text/markdown,3c805ad0abc503b92ac5221036162c64e0fc43245bcc43a8031466fed577942f,TRUE,D:\NeXuS\NXCore-Control\utils\coturn\client_snippets.md
docker-compose.yml,D:\NeXuS\NXCore-Control\all.in.one.installer\server\aerocaller_coturn_pack\docker-compose.yml,.yml,aerocaller_coturn_pack,1027,0,unknown,b2782d1bf8c14ab62a7a958cd95aab74a3d176ba595cc4116ff95d36957a997d,TRUE,D:\NeXuS\NXCore-Control\utils\coturn\docker-compose.yml
generate_turn_cred.js,D:\NeXuS\NXCore-Control\all.in.one.installer\server\aerocaller_coturn_pack\generate_turn_cred.js,.js,aerocaller_coturn_pack,549,0,text/javascript,b722d48c43cf093a3a4dde63fc1a461d07be4a880638235966a1c0d6037fcf8e,TRUE,D:\NeXuS\NXCore-Control\utils\coturn\generate_turn_cred.js
install_coturn_docker.sh,D:\NeXuS\NXCore-Control\all.in.one.installer\server\aerocaller_coturn_pack\install_coturn_docker.sh,.sh,aerocaller_coturn_pack,1581,0,application/x-sh,1abb66eca8939baefa9a9180efec7796c208f47526f96554f0cf8350d836697d,TRUE,D:\NeXuS\NXCore-Control\utils\coturn\install_coturn_docker.sh
install_coturn_native.sh,D:\NeXuS\NXCore-Control\all.in.one.installer\server\aerocaller_coturn_pack\install_coturn_native.sh,.sh,aerocaller_coturn_pack,772,0,application/x-sh,46568c4e14beb902e38d6d8d86939b2c6e4506baf933e3c9a291eabb0531cb51,TRUE,D:\NeXuS\NXCore-Control\utils\coturn\install_coturn_native.sh
README.md,D:\NeXuS\NXCore-Control\all.in.one.installer\server\aerocaller_coturn_pack\README.md,.md,aerocaller_coturn_pack,1698,0,text/markdown,a4a6cda5bfc24be2fe84d51533797162d531c25102157f0d6974aceff6063784,TRUE,D:\NeXuS\NXCore-Control\utils\coturn\README.md
verify_turn.sh,D:\NeXuS\NXCore-Control\all.in.one.installer\server\aerocaller_coturn_pack\verify_turn.sh,.sh,aerocaller_coturn_pack,523,0,application/x-sh,7a1f740706235c467ee0e7a138e0237878139e8b538ace9ce961624140836068,TRUE,D:\NeXuS\NXCore-Control\utils\coturn\verify_turn.sh
.env.example,D:\NeXuS\NXCore-Control\all.in.one.installer\server\fleet_layer\.env.example,.example,fleet_layer,167,0,unknown,1ffbf30fb581314e6f7d3da55465dedd888770e644485742a70aa5188b0ab58b,FALSE,
index.html,D:\NeXuS\NXCore-Control\all.in.one.installer\server\fleet_layer\dashboard\index.html,.html,dashboard,294,0,text/html,5d856ef8f34fd7ae991890ee1cd08417023d960993a245461a6bf61d844eacaf,FALSE,
docker-compose.yml,D:\NeXuS\NXCore-Control\all.in.one.installer\server\fleet_layer\docker-compose.yml,.yml,fleet_layer,1050,0,unknown,5a5ef292d72c836ca51fa9d2650e0f7ecb9dd43bc72bdd72c0641fcc2ce74b8a,FALSE,
README.md,D:\NeXuS\NXCore-Control\all.in.one.installer\server\fleet_layer\README.md,.md,fleet_layer,346,0,text/markdown,3fb7dc9a5891255836bdae1ef1f0072145c051b8f6454ef8f9994cc8e6b8a478,FALSE,
install_server.sh,D:\NeXuS\NXCore-Control\all.in.one.installer\server\install_server.sh,.sh,server,323,0,application/x-sh,23c05ab59a0f4d2aa97639ddb73fc6fd7825de6f42f9857de3bc4fe4494dab5f,FALSE,
bootstrap_nxcore.sh,D:\NeXuS\NXCore-Control\all.in.one.installer\server\nxcore_bootstrap\bootstrap_nxcore.sh,.sh,nxcore_bootstrap,56,0,application/x-sh,ae965a119251941ad3714e5ba15724c878f99fed74bb240f66319956de6c4fd1,FALSE,
turnserver.conf.example,D:\NeXuS\NXCore-Control\all.in.one.installer\server\nxcore_bootstrap\coturn\turnserver.conf.example,.example,coturn,22,0,unknown,a5a6623eff1d021e23ccb62159782a68649b7edf893521e7b90979be0ff3a50a,FALSE,
docker-compose.yml,D:\NeXuS\NXCore-Control\all.in.one.installer\server\nxcore_bootstrap\filebrowser\docker-compose.yml,.yml,filebrowser,12,0,unknown,d4fd3af6d6ccdaeefeec3b0c2fe3ae2d5dde874cc4ed1b7acbb2cec4dfdfe032,FALSE,
.env.example,D:\NeXuS\NXCore-Control\all.in.one.installer\server\nxcore_bootstrap\n8n-stack\.env.example,.example,n8n-stack,31,0,unknown,0c1e48e09901c6e7526fc0612d67b384628ae759569ff6b5f904f19ce509f70e,FALSE,
tailscale-certs.yml,D:\NeXuS\NXCore-Control\all.in.one.installer\server\nxcore_bootstrap\n8n-stack\traefik\dynamic\tailscale-certs.yml,.yml,dynamic,7,0,unknown,e8eb2c7ff4518980faccd2d1a8f8f492d48bd3c7769b10617eb9641dbe04177c,FALSE,
README.md,D:\NeXuS\NXCore-Control\all.in.one.installer\server\nxcore_bootstrap\README.md,.md,nxcore_bootstrap,46,0,text/markdown,405b1160831d309e9ffb17acc64a7b26f15bb65748cd49e44210df4b0fce31c0,FALSE,
index.html,D:\NeXuS\NXCore-Control\all.in.one.installer\server\nxcore_bootstrap\services-landing\index.html,.html,services-landing,15,0,text/html,6f4fbfc071bb7f78464b43945991697667b887bbdbdda140b1f9b7dde02b546e,FALSE,
devcontainer.json,D:\NeXuS\NXCore-Control\all.in.one.installer\workstation\dev_env_bundle\.devcontainer\devcontainer.json,.json,.devcontainer,1029,0,application/json,d8840f27edb90dc8c9db50fce7b652c355e0a4c15ca47bc1034061a4e90abdc6,FALSE,
.editorconfig,D:\NeXuS\NXCore-Control\all.in.one.installer\workstation\dev_env_bundle\.editorconfig,,dev_env_bundle,139,0,unknown,6f683c71e46bee9ef2fc2bcc48dd6fd2edc29500d7909c6bc6bb73d795bf067f,FALSE,
.envrc.example,D:\NeXuS\NXCore-Control\all.in.one.installer\workstation\dev_env_bundle\.envrc.example,.example,dev_env_bundle,157,0,unknown,bed09befd408525e5d286e43473489ddc102783741887c50eb5f838741600d5a,FALSE,
.prettierrc,D:\NeXuS\NXCore-Control\all.in.one.installer\workstation\dev_env_bundle\.prettierrc,,dev_env_bundle,90,0,unknown,d5f90f76c5b68ce7be5ba077813f97e1983511b8c314764537345a538c1261f4,FALSE,
README.md,D:\NeXuS\NXCore-Control\all.in.one.installer\workstation\dev_env_bundle\README.md,.md,dev_env_bundle,914,0,text/markdown,81346238e1ab72b20f785059a18a4fdab6f3b3db26ada1da07ce1c5623a327e0,FALSE,
bootstrap_dev.sh,D:\NeXuS\NXCore-Control\all.in.one.installer\workstation\dev_env_bundle\scripts\bootstrap_dev.sh,.sh,scripts,2967,0,application/x-sh,559777bdc5360c38dbd1c63b53735d091fcc7a2b09a78e07a7a47b8849df8045,FALSE,
extensions.txt,D:\NeXuS\NXCore-Control\all.in.one.installer\workstation\dev_env_bundle\vscode\extensions.txt,.txt,vscode,229,0,text/plain,def27b93bee019b760e563332995ee337ad633ed907967e0ab368aaf77234075,FALSE,
install_workstation.sh,D:\NeXuS\NXCore-Control\all.in.one.installer\workstation\install_workstation.sh,.sh,workstation,98,0,application/x-sh,3f62cb9525a77d1b13ecc634db3b205603ceb831260101c616a9a1ffc70e019c,FALSE,
$R1L9ENU.ico,D:\NeXuS\NXCore-Control\apps\AeroCaller\$R1L9ENU.ico,.ico,AeroCaller,56878,0.05,image/x-icon,d3c44ef4b959666264ba963e33c5a8e61abfb065c8aa68f8eeaffae38f174215,FALSE,
aerovista-icon.ico,D:\NeXuS\NXCore-Control\apps\AeroCaller\aerovista-icon.ico,.ico,AeroCaller,6676,0.01,image/x-icon,1a893a4eb2a8f2505c8d36fe0dbad0919b318ff0d16897f309cd2d6652822d52,FALSE,
app.staff.js,D:\NeXuS\NXCore-Control\apps\AeroCaller\app.staff.js,.js,AeroCaller,12123,0.01,text/javascript,2abb17707aed51055348fba6a6c7bc7cf8fb29cec037841545e8fc577924d335,FALSE,
apple-touch-icon.png,D:\NeXuS\NXCore-Control\apps\AeroCaller\apple-touch-icon.png,.png,AeroCaller,14929,0.01,image/png,be490dd273ff6ce42e4a366022a67f506a26fbf92ce3f1cc118825b2770daea8,FALSE,
ryde_sync_p_2_p_voice_mvp_single_file (1).html,D:\NeXuS\NXCore-Control\apps\AeroCaller\design concept\ryde_sync_p_2_p_voice_mvp_single_file (1).html,.html,design concept,13721,0.01,text/html,49c66d71ac341d7e0e138f8f48febb42df13771daa906f7e006e147871b28745,FALSE,
ryde_sync_p_2_p_voice_mvp_single_file (2).html,D:\NeXuS\NXCore-Control\apps\AeroCaller\design concept\ryde_sync_p_2_p_voice_mvp_single_file (2).html,.html,design concept,13721,0.01,text/html,49c66d71ac341d7e0e138f8f48febb42df13771daa906f7e006e147871b28745,TRUE,D:\NeXuS\NXCore-Control\apps\AeroCaller\design concept\ryde_sync_p_2_p_voice_mvp_single_file (1).html
ryde_sync_p_2_p_voice_mvp_single_file (3).html,D:\NeXuS\NXCore-Control\apps\AeroCaller\design concept\ryde_sync_p_2_p_voice_mvp_single_file (3).html,.html,design concept,13721,0.01,text/html,49c66d71ac341d7e0e138f8f48febb42df13771daa906f7e006e147871b28745,TRUE,D:\NeXuS\NXCore-Control\apps\AeroCaller\design concept\ryde_sync_p_2_p_voice_mvp_single_file (1).html
ryde_sync_p_2_p_voice_mvp_single_file (4).html,D:\NeXuS\NXCore-Control\apps\AeroCaller\design concept\ryde_sync_p_2_p_voice_mvp_single_file (4).html,.html,design concept,13721,0.01,text/html,49c66d71ac341d7e0e138f8f48febb42df13771daa906f7e006e147871b28745,TRUE,D:\NeXuS\NXCore-Control\apps\AeroCaller\design concept\ryde_sync_p_2_p_voice_mvp_single_file (1).html
ryde_sync_p_2_p_voice_mvp_single_file (5).html,D:\NeXuS\NXCore-Control\apps\AeroCaller\design concept\ryde_sync_p_2_p_voice_mvp_single_file (5).html,.html,design concept,7459,0.01,text/html,f21eadee0b3ea6cee00a17bf4361c8d2d4f77f3454acad2e1abd4d38b71ee875,FALSE,
ryde_sync_p_2_p_voice_mvp_single_file (6).html,D:\NeXuS\NXCore-Control\apps\AeroCaller\design concept\ryde_sync_p_2_p_voice_mvp_single_file (6).html,.html,design concept,7649,0.01,text/html,619386b23245bf5594471d9ebf88c9732a3216b25675dde51bf6fdc641835e5c,FALSE,
ryde_sync_p_2_p_voice_mvp_single_file.html,D:\NeXuS\NXCore-Control\apps\AeroCaller\design concept\ryde_sync_p_2_p_voice_mvp_single_file.html,.html,design concept,9340,0.01,text/html,3e8dfff88a99ec4b55dce3896ed8a8d1d0ab30b8f9f3434fafcfec6eeb55d86a,FALSE,
ryde_sync_split_screen_landing_free_player_industrial_core.html,D:\NeXuS\NXCore-Control\apps\AeroCaller\design concept\ryde_sync_split_screen_landing_free_player_industrial_core.html,.html,design concept,11793,0.01,text/html,f5b992468a62def437a89a0f965c0b8fc78701872bae0eb03b8cf9f9d4603808,FALSE,
ryde_sync_split_screen_landing_teaser_bolt_border (1).html,D:\NeXuS\NXCore-Control\apps\AeroCaller\design concept\ryde_sync_split_screen_landing_teaser_bolt_border (1).html,.html,design concept,13377,0.01,text/html,9dadbbc868d77c0d43b9d6cf70a1053407763ee5b749e4a093db0c1e7de7dd47,FALSE,
ryde_sync_split_screen_landing_teaser_bolt_border (2).html,D:\NeXuS\NXCore-Control\apps\AeroCaller\design concept\ryde_sync_split_screen_landing_teaser_bolt_border (2).html,.html,design concept,13377,0.01,text/html,9dadbbc868d77c0d43b9d6cf70a1053407763ee5b749e4a093db0c1e7de7dd47,TRUE,D:\NeXuS\NXCore-Control\apps\AeroCaller\design concept\ryde_sync_split_screen_landing_teaser_bolt_border (1).html
ryde_sync_split_screen_landing_teaser_bolt_border (3).html,D:\NeXuS\NXCore-Control\apps\AeroCaller\design concept\ryde_sync_split_screen_landing_teaser_bolt_border (3).html,.html,design concept,13377,0.01,text/html,9dadbbc868d77c0d43b9d6cf70a1053407763ee5b749e4a093db0c1e7de7dd47,TRUE,D:\NeXuS\NXCore-Control\apps\AeroCaller\design concept\ryde_sync_split_screen_landing_teaser_bolt_border (1).html
ryde_sync_split_screen_landing_teaser_bolt_border (4).html,D:\NeXuS\NXCore-Control\apps\AeroCaller\design concept\ryde_sync_split_screen_landing_teaser_bolt_border (4).html,.html,design concept,13377,0.01,text/html,9dadbbc868d77c0d43b9d6cf70a1053407763ee5b749e4a093db0c1e7de7dd47,TRUE,D:\NeXuS\NXCore-Control\apps\AeroCaller\design concept\ryde_sync_split_screen_landing_teaser_bolt_border (1).html
ryde_sync_split_screen_landing_teaser_bolt_border.html,D:\NeXuS\NXCore-Control\apps\AeroCaller\design concept\ryde_sync_split_screen_landing_teaser_bolt_border.html,.html,design concept,13377,0.01,text/html,9dadbbc868d77c0d43b9d6cf70a1053407763ee5b749e4a093db0c1e7de7dd47,TRUE,D:\NeXuS\NXCore-Control\apps\AeroCaller\design concept\ryde_sync_split_screen_landing_teaser_bolt_border (1).html
rydesync-development-overview (1).html,D:\NeXuS\NXCore-Control\apps\AeroCaller\design concept\rydesync-development-overview (1).html,.html,design concept,28794,0.03,text/html,a20a72285e8a6f25e0931d98f7b582c6970582162830e2dc95b920212e4e5460,FALSE,
rydesync-development-overview.html,D:\NeXuS\NXCore-Control\apps\AeroCaller\design concept\rydesync-development-overview.html,.html,design concept,28794,0.03,text/html,a20a72285e8a6f25e0931d98f7b582c6970582162830e2dc95b920212e4e5460,TRUE,D:\NeXuS\NXCore-Control\apps\AeroCaller\design concept\rydesync-development-overview (1).html
icon-192.png,D:\NeXuS\NXCore-Control\apps\AeroCaller\icon-192.png,.png,AeroCaller,15879,0.02,image/png,5a4e6cba3606c0396affce3184659dbedadbe8a6d96a4c31a2fd60f22fbdeb90,FALSE,
icon-256.png,D:\NeXuS\NXCore-Control\apps\AeroCaller\icon-256.png,.png,AeroCaller,20606,0.02,image/png,90592a58eeef0813961c3ffa0f59ce5901187a7645967a3636ef1dd7ffe83278,FALSE,
icon-512.png,D:\NeXuS\NXCore-Control\apps\AeroCaller\icon-512.png,.png,AeroCaller,48797,0.05,image/png,2d6f3b50f06f1a553591700fdf20417dcfcbca113c641df531aed6228ad5cc2e,FALSE,
index.staff.html,D:\NeXuS\NXCore-Control\apps\AeroCaller\index.staff.html,.html,AeroCaller,11936,0.01,text/html,0f59d66d3dc882607833b376fd1ecb407ff4a6711bc7e4678a56112f2e1d5c5d,FALSE,
manifest.webmanifest,D:\NeXuS\NXCore-Control\apps\AeroCaller\manifest.webmanifest,.webmanifest,AeroCaller,612,0,application/manifest+json,bb455d46be78da1d8c49d76e236db01b9a07ded0bf9a0a94be04bafcaa53949a,FALSE,
nxcore_readme_server_setup_ops.md,D:\NeXuS\NXCore-Control\apps\AeroCaller\nxcore_readme_server_setup_ops.md,.md,AeroCaller,9753,0.01,text/markdown,8912c43de95be57f77f2a14b294b98b48a23098fcc06df28d3f8ded4ad4f6447,FALSE,
package.json,D:\NeXuS\NXCore-Control\apps\AeroCaller\package.json,.json,AeroCaller,345,0,application/json,a3b0bb31b9700c2e73d5c4dcb5a825d683fd8408fcde986791028d5e7bf5db77,FALSE,
README-DropAndGo.md,D:\NeXuS\NXCore-Control\apps\AeroCaller\README-DropAndGo.md,.md,AeroCaller,4822,0,text/markdown,29d07118818451ca96c823d8f5bbed8768f839823229a67b24fbef864d2bf306,FALSE,
server.staff.js,D:\NeXuS\NXCore-Control\apps\AeroCaller\server.staff.js,.js,AeroCaller,2409,0,text/javascript,f38e247a6adff3c24f05b8a4277311a53ab7468c7309d61a339deffacfbc9485,FALSE,
Start-AeroCoreOS-StaffCall.bat,D:\NeXuS\NXCore-Control\apps\AeroCaller\Start-AeroCoreOS-StaffCall.bat,.bat,AeroCaller,3565,0,text/plain,23b9f43ca466cb821b426be2393b87cc67d110c1f456672f8591b65f63efa992,FALSE,
sw.js,D:\NeXuS\NXCore-Control\apps\AeroCaller\sw.js,.js,AeroCaller,1196,0,text/javascript,4c8b156ccb370b4f609bf67a5453015630c714aa937c328cf0d60cf00b0c0038,FALSE,
sw.zip,D:\NeXuS\NXCore-Control\apps\AeroCaller\sw.zip,.zip,AeroCaller,178068,0.17,application/x-zip-compressed,7abf7ee70425b813160c18b16a49b61f6dabde5d248fa178779d0004595dba12,FALSE,
aerocaller-coturn-pack (1).zip,D:\NeXuS\NXCore-Control\build files\aerocaller-coturn-pack (1).zip,.zip,build files,4985,0,application/x-zip-compressed,992e83fd7890bd3d0acb59c29f8954e1e1deddd73126c7cec03c16bfc3f4dc56,FALSE,
AeroCoreOS_Splash_Pack.zip,D:\NeXuS\NXCore-Control\build files\AeroCoreOS_Splash_Pack.zip,.zip,build files,254865,0.24,application/x-zip-compressed,3de96410f9d5ade827aad645c0234a9d28bea2380be829af0cb83eab31442540,FALSE,
AeroVista_All_in_One_Installer_v2.zip,D:\NeXuS\NXCore-Control\build files\AeroVista_All_in_One_Installer_v2.zip,.zip,build files,6226,0.01,application/x-zip-compressed,41a1f8d850726a275ffe3985b56ce1f7fa371e4d4036f9a1c5b8ab537f4ae02a,FALSE,
AeroVista_Image_Build_Playbook_v1.1_2025-10-12.md,D:\NeXuS\NXCore-Control\build files\AeroVista_Image_Build_Playbook_v1.1_2025-10-12.md,.md,build files,30430,0.03,text/markdown,de4e9bb586977124d44a10d97c906690dc3a2683de6850ef9153c1783870a226,FALSE,
AeroVista_Imaging_QuickStart_2025-10-12.txt,D:\NeXuS\NXCore-Control\build files\AeroVista_Imaging_QuickStart_2025-10-12.txt,.txt,build files,1385,0,text/plain,759c253ee4f36f7addc3e951bc234cc44f91999265d8b17102dc4d80d60d4968,FALSE,
AeroVista_Inspection_Provision_Pack.zip,D:\NeXuS\NXCore-Control\build files\AeroVista_Inspection_Provision_Pack.zip,.zip,build files,3373,0,application/x-zip-compressed,81169e6e62b6950f6ec03d0e133de242fd8fa0bf53d975da0be6bf4221448025,FALSE,
Collaborator_PC_Checklist_2025-10-12.md,D:\NeXuS\NXCore-Control\build files\Collaborator_PC_Checklist_2025-10-12.md,.md,build files,4396,0,text/markdown,a237d21e53fedd084e0b07dd9ef98082cdd99b81dd1ed7e422ada94d98f395f7,FALSE,
Collaborator_PC_Checklist_Interactive_2025-10-12.html,D:\NeXuS\NXCore-Control\build files\Collaborator_PC_Checklist_Interactive_2025-10-12.html,.html,build files,12198,0.01,text/html,a26efb425ffff69b27271e8c279f6933fbccb9418a795478b3be8e4169e13556,FALSE,
compose_files_ports.csv,D:\NeXuS\NXCore-Control\build files\compose_files_ports.csv,.csv,build files,1700,0,application/vnd.ms-excel,47c7c35848ef3e5f37d5722d25cd7f95610071bf31c320df4a5b77a021d9e9bf,FALSE,
Dell_OptiPlex_3050SFF_Label_Summary.md,D:\NeXuS\NXCore-Control\build files\Dell_OptiPlex_3050SFF_Label_Summary.md,.md,build files,1202,0,text/markdown,5723c0051aaa1c80cf72fe02593a6f82a1c83a901864bfc46f892968d7dfc415,FALSE,
duplicates_by_hash.csv,D:\NeXuS\NXCore-Control\build files\duplicates_by_hash.csv,.csv,build files,53,0,application/vnd.ms-excel,ff03700ff9301906411deb6bbc2990f02a0eae039f8246c0f2a1f5e1fe6b6914,TRUE,D:\NeXuS\NXCore-Control\build files\duplicates_by_name_size.csv
duplicates_by_name_size.csv,D:\NeXuS\NXCore-Control\build files\duplicates_by_name_size.csv,.csv,build files,53,0,application/vnd.ms-excel,ff03700ff9301906411deb6bbc2990f02a0eae039f8246c0f2a1f5e1fe6b6914,FALSE,
external_port_map.csv,D:\NeXuS\NXCore-Control\build files\external_port_map.csv,.csv,build files,371,0,application/vnd.ms-excel,1c21fb51a87fc171ec709ac06b98c618b5f4d5ad0921f9c71ba3e7b922766555,FALSE,
fleet_layer_bundle.zip,D:\NeXuS\NXCore-Control\build files\fleet_layer_bundle.zip,.zip,build files,1436,0,application/x-zip-compressed,ddd4474458f06ecf05c11903689216934702cd65fd74b7a04d6d3713849f7bd4,FALSE,
full_inventory.csv,D:\NeXuS\NXCore-Control\build files\full_inventory.csv,.csv,build files,10322,0.01,application/vnd.ms-excel,c508e65bfe79d01ff070097ab374f51fe19c4d36f0c673443245474b3e5eb7b0,FALSE,
index (14).html,D:\NeXuS\NXCore-Control\build files\index (14).html,.html,build files,2188,0,text/html,1f97fc30727627eb15dd693c20fa9c9ebfbaed8ea2de5f0d9e48a497e7d2d611,TRUE,D:\NeXuS\NXCore-Control\aerocoreos_splash\index.html
Media_PC_Overview.md,D:\NeXuS\NXCore-Control\build files\Media_PC_Overview.md,.md,build files,5872,0.01,text/markdown,9bc61b70f6edfb8904dc690dd6636bd805e52d0cdb1f867f91f7f33efe68e563,FALSE,
media-backup.service,D:\NeXuS\NXCore-Control\build files\media-backup.service,.service,build files,109,0,unknown,80b143d65e70269a4e3c7fd08b7ebbd774d4ef50d922b77d5e2808c832e13bc5,FALSE,
media-backup.sh,D:\NeXuS\NXCore-Control\build files\media-backup.sh,.sh,build files,1025,0,application/x-sh,67f818316d2c8c5a2b2b83c4a8482a7d81f726c3871bdf9ff65db3128452a991,FALSE,
media-backup.timer,D:\NeXuS\NXCore-Control\build files\media-backup.timer,.timer,build files,145,0,unknown,b40f1c0d6975680f19cbc3732174f00d2b95dc674d8a43df77aafc2067390012,FALSE,
nxcore_bootstrap_bundle.zip,D:\NeXuS\NXCore-Control\build files\nxcore_bootstrap_bundle.zip,.zip,build files,1114,0,application/x-zip-compressed,6905b6ee0fe98204439fda0f7ba596c7ff835b74cb44da20b46c5850f6f2a89f,FALSE,
nxcore_readme_server_setup_ops.md,D:\NeXuS\NXCore-Control\build files\nxcore_readme_server_setup_ops.md,.md,build files,9753,0.01,text/markdown,8912c43de95be57f77f2a14b294b98b48a23098fcc06df28d3f8ded4ad4f6447,TRUE,D:\NeXuS\NXCore-Control\apps\AeroCaller\nxcore_readme_server_setup_ops.md
NXCore_Server_Build_Checklist_2025-10-12.md,D:\NeXuS\NXCore-Control\build files\NXCore_Server_Build_Checklist_2025-10-12.md,.md,build files,6566,0.01,text/markdown,509ab40316fb89d2cb885cd393a9c6114164dc94ce77033923d1a5313a86b594,FALSE,
NXCore_Server_Build_Guide.md,D:\NeXuS\NXCore-Control\build files\NXCore_Server_Build_Guide.md,.md,build files,6863,0.01,text/markdown,ace75fcaa4dbf95153543dcf84cd4e9acb63fbd79405bbbfe0c5b7cccb933f3c,FALSE,
NXCore_Server_Checklist_Interactive_2025-10-12.html,D:\NeXuS\NXCore-Control\build files\NXCore_Server_Checklist_Interactive_2025-10-12.html,.html,build files,16224,0.02,text/html,b7f3e5d782f2e7609e645011c1ef80bb74bcf4d891764c4c054a289d16afb2fc,FALSE,
NXCore-Control (1).zip,D:\NeXuS\NXCore-Control\build files\NXCore-Control (1).zip,.zip,build files,9072,0.01,application/x-zip-compressed,a4af74977c622fb1249072dc5bae9fb46516b3a7abbcca695e05e0ca221c72cb,FALSE,
OptiPlex_3050_Image_Optimization_Playbook.md,D:\NeXuS\NXCore-Control\build files\OptiPlex_3050_Image_Optimization_Playbook.md,.md,build files,6487,0.01,text/markdown,7940e3450da2210837f5c0be2fe3d260b77af273bfb2153741f3d125ea8fafde,FALSE,
port_conflicts.csv,D:\NeXuS\NXCore-Control\build files\port_conflicts.csv,.csv,build files,27,0,application/vnd.ms-excel,78712b1cd4e9f79ff90e3b4dcd7bfbfa31f1c7605326f956a85b6a74cbb1b6fe,FALSE,
setup_server.sh,D:\NeXuS\NXCore-Control\build files\setup_server.sh,.sh,build files,2352,0,application/x-sh,cbeedf807e33ec624027c66cd77cc8d0703125f67fc20f5a1adea140496f7427,FALSE,
setup_workstation (1).ps1,D:\NeXuS\NXCore-Control\build files\setup_workstation (1).ps1,.ps1,build files,5066,0,unknown,0fa7f995546b19249ed287aa29c407cacab8e52893735c1358d01f05df1a194e,TRUE,D:\NeXuS\NXCore-Control\scripts\ps\setup_workstation.ps1
Workstation_Inventory_Template.csv,D:\NeXuS\NXCore-Control\build files\Workstation_Inventory_Template.csv,.csv,build files,473,0,application/vnd.ms-excel,04818665b93609b33aa72666ddee3b3be001156e05716ff113d9e0ced7f72c22,FALSE,
tailscale-acl.json,D:\NeXuS\NXCore-Control\configs\tailscale-acl.json,.json,configs,176,0,application/json,527f955b24c36b32de98e5909319182819ea7211310cebb078cd6bb43489ea13,FALSE,
ufw-rules.txt,D:\NeXuS\NXCore-Control\configs\ufw-rules.txt,.txt,configs,155,0,text/plain,3642d1dffaf42141552f446ab40bfc40191272f889975462173d4ccc67c7d1f0,FALSE,
cursor.json,D:\NeXuS\NXCore-Control\cursor.json,.json,NXCore-Control,751,0,application/json,32eaf1df4b597efc8a9ada6bf1cf8e438b00ace9a805dbdd703339d692548179,FALSE,
compose-aerocaller.yml,D:\NeXuS\NXCore-Control\docker\compose-aerocaller.yml,.yml,docker,737,0,unknown,e4f993b25846315b2230c9abf5f68ea8a90df85e0a567a7739c89198a327d57f,FALSE,
compose-filebrowser.yml,D:\NeXuS\NXCore-Control\docker\compose-filebrowser.yml,.yml,docker,288,0,unknown,cd635ba0731cbcaad36f8b6bb0b3b1ae408b4d6d70854ca88c6c22d955be34cc,FALSE,
compose-n8n.yml,D:\NeXuS\NXCore-Control\docker\compose-n8n.yml,.yml,docker,326,0,unknown,f5413ccae72d3b491e8b8a2fcab93bb08e139cde0177a39935bc6218ab09874e,FALSE,
compose-portainer.yml,D:\NeXuS\NXCore-Control\docker\compose-portainer.yml,.yml,docker,1201,0,unknown,2e5533922a82b345e1a553605346fba3509e24bf5c1bb059627e68d8c0cbf61a,FALSE,
compose-traefik.yml,D:\NeXuS\NXCore-Control\docker\compose-traefik.yml,.yml,docker,1363,0,unknown,0ebd8dba8effbb1b6bf048dee1913788f54f86dcaf5d682db6a9f21a42da7a07,FALSE,
traefik-dynamic.yml,D:\NeXuS\NXCore-Control\docker\traefik-dynamic.yml,.yml,docker,1218,0,unknown,e54fddf54e896421b73a225157dec48c2ad5fd746cd63fd1647c7d2e357577af,FALSE,
hosts.ini,D:\NeXuS\NXCore-Control\inventory\hosts.ini,.ini,inventory,42,0,unknown,8982493be855e2a8f33e380972a9e78e3c81fb952626128c5d13d2a7e3945999,FALSE,
README.md,D:\NeXuS\NXCore-Control\README.md,.md,NXCore-Control,5589,0.01,text/markdown,61c2f0e385c9179390632569539e0523b62cba7c0504ac5563ce2948f0126de1,FALSE,
backup-nxcore.ps1,D:\NeXuS\NXCore-Control\scripts\ps\backup-nxcore.ps1,.ps1,ps,480,0,unknown,1564fb88cc2c6e615557ee8570f93b496f9a536d951e00ec9a683796ee8afe3e,FALSE,
deploy-containers.hardened.ps1,D:\NeXuS\NXCore-Control\scripts\ps\deploy-containers.hardened.ps1,.ps1,ps,4065,0,unknown,ad347212006b5dd6bc599a55ed18b4369f9ef72cfb12263a936683f95cc61ec2,FALSE,
deploy-containers.hardened.v2.ps1,D:\NeXuS\NXCore-Control\scripts\ps\deploy-containers.hardened.v2.ps1,.ps1,ps,3053,0,unknown,d9fd56cc5a6134e1c666c2fc86ab1e0cc5d0e60a20f048cbde84837e9ecee95e,FALSE,
deploy-containers.hardened.v3.ps1,D:\NeXuS\NXCore-Control\scripts\ps\deploy-containers.hardened.v3.ps1,.ps1,ps,3194,0,unknown,d6f062e44735d80e1c2c305e42d8f91ac503cd537c2333c3f0da76838b9fae9b,FALSE,
deploy-containers.original.txt,D:\NeXuS\NXCore-Control\scripts\ps\deploy-containers.original.txt,.txt,ps,711,0,text/plain,e908e194ba2212adac9770945d94b51c3fa5d95e714c017b966db62716368693,FALSE,
deploy-containers.ps1,D:\NeXuS\NXCore-Control\scripts\ps\deploy-containers.ps1,.ps1,ps,2622,0,unknown,cb5c3dbbfc1a136dcee27c09ce92a509efc9f9a1b45f081dec946dca54fe9fc0,FALSE,
setup_workstation.ps1,D:\NeXuS\NXCore-Control\scripts\ps\setup_workstation.ps1,.ps1,ps,5066,0,unknown,0fa7f995546b19249ed287aa29c407cacab8e52893735c1358d01f05df1a194e,FALSE,
sync-config.ps1,D:\NeXuS\NXCore-Control\scripts\ps\sync-config.ps1,.ps1,ps,2988,0,unknown,113cea0caa87b20e4f458bb8e20f5f997e2508d7df00d964b47297a3e453fbf9,FALSE,
scp-to-nxcore.bat,D:\NeXuS\NXCore-Control\scripts\scp-to-nxcore.bat,.bat,scripts,225,0,text/plain,5653b1b7a4dcef57af2ed559104fb9752ad5bd20750f469dc0c18431004d5cad,FALSE,
ssh-nxcore.bat,D:\NeXuS\NXCore-Control\scripts\ssh-nxcore.bat,.bat,scripts,66,0,text/plain,42dd552c575b8b8ca538507db2644ae038e66170ff30205fe402ad3345ac853b,FALSE,
.env,D:\NeXuS\NXCore-Control\utils\coturn\.env,,coturn,289,0,unknown,1615d66e844c37062b02c874b83be7defda42cab683a033e86d9342045a1a3fe,FALSE,
client_snippets.md,D:\NeXuS\NXCore-Control\utils\coturn\client_snippets.md,.md,coturn,1256,0,text/markdown,3c805ad0abc503b92ac5221036162c64e0fc43245bcc43a8031466fed577942f,FALSE,
docker-compose.yml,D:\NeXuS\NXCore-Control\utils\coturn\docker-compose.yml,.yml,coturn,1027,0,unknown,b2782d1bf8c14ab62a7a958cd95aab74a3d176ba595cc4116ff95d36957a997d,FALSE,
generate_turn_cred.js,D:\NeXuS\NXCore-Control\utils\coturn\generate_turn_cred.js,.js,coturn,549,0,text/javascript,b722d48c43cf093a3a4dde63fc1a461d07be4a880638235966a1c0d6037fcf8e,FALSE,
install_coturn_docker.sh,D:\NeXuS\NXCore-Control\utils\coturn\install_coturn_docker.sh,.sh,coturn,1581,0,application/x-sh,1abb66eca8939baefa9a9180efec7796c208f47526f96554f0cf8350d836697d,FALSE,
install_coturn_native.sh,D:\NeXuS\NXCore-Control\utils\coturn\install_coturn_native.sh,.sh,coturn,772,0,application/x-sh,46568c4e14beb902e38d6d8d86939b2c6e4506baf933e3c9a291eabb0531cb51,FALSE,
README.md,D:\NeXuS\NXCore-Control\utils\coturn\README.md,.md,coturn,1698,0,text/markdown,a4a6cda5bfc24be2fe84d51533797162d531c25102157f0d6974aceff6063784,FALSE,
verify_turn.sh,D:\NeXuS\NXCore-Control\utils\coturn\verify_turn.sh,.sh,coturn,523,0,application/x-sh,7a1f740706235c467ee0e7a138e0237878139e8b538ace9ce961624140836068,FALSE,
install-ssh.ps1,D:\NeXuS\NXCore-Control\utils\windows\install-ssh.ps1,.ps1,windows,100,0,unknown,b18f3992b46f662b3790f920258e91b23cd982e29bf0d7a776bec3002bfb07ce,FALSE,
winget-install.bat,D:\NeXuS\NXCore-Control\utils\windows\winget-install.bat,.bat,windows,113,0,text/plain,fe375487b420c0ac366332bdaa1e84739b7570c816ba11f4531b10a0c2c5af45,FALSE,
